"filename", "language", "XML", "Markdown", "Java Properties", "HTML", "Java", "CSS", "JavaScript", "Sass", "Batch", "comment", "blank", "total"
"d:\DevelopTools\Code\VSCode\Project\zhihu\.mvn\wrapper\maven-wrapper.properties", "Java Properties", 0, 0, 2, 0, 0, 0, 0, 0, 0, 0, 1, 3
"d:\DevelopTools\Code\VSCode\Project\zhihu\mvnw.cmd", "Batch", 0, 0, 0, 0, 0, 0, 0, 0, 118, 51, 37, 206
"d:\DevelopTools\Code\VSCode\Project\zhihu\pom.xml", "XML", 63, 0, 0, 0, 0, 0, 0, 0, 0, 3, 6, 72
"d:\DevelopTools\Code\VSCode\Project\zhihu\src\README.md", "Markdown", 0, 0, 0, 0, 0, 0, 0, 0, 0, 0, 1, 1
"d:\DevelopTools\Code\VSCode\Project\zhihu\src\main\java\com\baidu\zhihu\ZhihuApplication.java", "Java", 0, 0, 0, 0, 9, 0, 0, 0, 0, 0, 5, 14
"d:\DevelopTools\Code\VSCode\Project\zhihu\src\main\java\com\baidu\zhihu\control\PageControl.java", "Java", 0, 0, 0, 0, 21, 0, 0, 0, 0, 0, 7, 28
"d:\DevelopTools\Code\VSCode\Project\zhihu\src\main\java\com\baidu\zhihu\control\UserControl.java", "Java", 0, 0, 0, 0, 47, 0, 0, 0, 0, 0, 12, 59
"d:\DevelopTools\Code\VSCode\Project\zhihu\src\main\java\com\baidu\zhihu\model\Comment.java", "Java", 0, 0, 0, 0, 47, 0, 0, 0, 0, 1, 17, 65
"d:\DevelopTools\Code\VSCode\Project\zhihu\src\main\java\com\baidu\zhihu\model\Post.java", "Java", 0, 0, 0, 0, 53, 0, 0, 0, 0, 4, 18, 75
"d:\DevelopTools\Code\VSCode\Project\zhihu\src\main\java\com\baidu\zhihu\model\User.java", "Java", 0, 0, 0, 0, 24, 0, 0, 0, 0, 0, 12, 36
"d:\DevelopTools\Code\VSCode\Project\zhihu\src\main\java\com\baidu\zhihu\service\CommentSerice.java", "Java", 0, 0, 0, 0, 3, 0, 0, 0, 0, 2, 2, 7
"d:\DevelopTools\Code\VSCode\Project\zhihu\src\main\java\com\baidu\zhihu\service\PostService.java", "Java", 0, 0, 0, 0, 10, 0, 0, 0, 0, 5, 10, 25
"d:\DevelopTools\Code\VSCode\Project\zhihu\src\main\java\com\baidu\zhihu\service\UserService.java", "Java", 0, 0, 0, 0, 7, 0, 0, 0, 0, 3, 9, 19
"d:\DevelopTools\Code\VSCode\Project\zhihu\src\main\java\com\baidu\zhihu\service\impl\CommentServiceImpl.java", "Java", 0, 0, 0, 0, 5, 0, 0, 0, 0, 0, 4, 9
"d:\DevelopTools\Code\VSCode\Project\zhihu\src\main\java\com\baidu\zhihu\service\impl\PostServiceImpl.java", "Java", 0, 0, 0, 0, 129, 0, 0, 0, 0, 2, 21, 152
"d:\DevelopTools\Code\VSCode\Project\zhihu\src\main\java\com\baidu\zhihu\service\impl\UserServiceImpl.java", "Java", 0, 0, 0, 0, 30, 0, 0, 0, 0, 3, 10, 43
"d:\DevelopTools\Code\VSCode\Project\zhihu\src\main\resources\application.properties", "Java Properties", 0, 0, 3, 0, 0, 0, 0, 0, 0, 0, 2, 5
"d:\DevelopTools\Code\VSCode\Project\zhihu\src\main\resources\static\css\Header.css", "CSS", 0, 0, 0, 0, 0, 158, 0, 0, 0, 0, 21, 179
"d:\DevelopTools\Code\VSCode\Project\zhihu\src\main\resources\static\css\Header.min.css", "CSS", 0, 0, 0, 0, 0, 1, 0, 0, 0, 0, 1, 2
"d:\DevelopTools\Code\VSCode\Project\zhihu\src\main\resources\static\css\Header.sass", "Sass", 0, 0, 0, 0, 0, 0, 0, 137, 0, 0, 2, 139
"d:\DevelopTools\Code\VSCode\Project\zhihu\src\main\resources\static\css\Homepage.css", "CSS", 0, 0, 0, 0, 0, 10, 0, 0, 0, 0, 3, 13
"d:\DevelopTools\Code\VSCode\Project\zhihu\src\main\resources\static\css\Homepage.min.css", "CSS", 0, 0, 0, 0, 0, 1, 0, 0, 0, 0, 1, 2
"d:\DevelopTools\Code\VSCode\Project\zhihu\src\main\resources\static\css\Homepage.sass", "Sass", 0, 0, 0, 0, 0, 0, 0, 7, 0, 0, 1, 8
"d:\DevelopTools\Code\VSCode\Project\zhihu\src\main\resources\static\css\Posts.css", "CSS", 0, 0, 0, 0, 0, 66, 0, 0, 0, 0, 11, 77
"d:\DevelopTools\Code\VSCode\Project\zhihu\src\main\resources\static\css\Posts.min.css", "CSS", 0, 0, 0, 0, 0, 1, 0, 0, 0, 0, 1, 2
"d:\DevelopTools\Code\VSCode\Project\zhihu\src\main\resources\static\css\Posts.sass", "Sass", 0, 0, 0, 0, 0, 0, 0, 55, 0, 0, 1, 56
"d:\DevelopTools\Code\VSCode\Project\zhihu\src\main\resources\static\js\Header.js", "JavaScript", 0, 0, 0, 0, 0, 0, 9, 0, 0, 0, 0, 9
"d:\DevelopTools\Code\VSCode\Project\zhihu\src\main\resources\templates\HomePage.html", "HTML", 0, 0, 0, 26, 0, 0, 0, 0, 0, 4, 7, 37
"d:\DevelopTools\Code\VSCode\Project\zhihu\src\main\resources\templates\HomePage_Unit\Header.html", "HTML", 0, 0, 0, 38, 0, 0, 0, 0, 0, 0, 3, 41
"d:\DevelopTools\Code\VSCode\Project\zhihu\src\main\resources\templates\HomePage_Unit\Posts.html", "HTML", 0, 0, 0, 21, 0, 0, 0, 0, 0, 0, 1, 22
"d:\DevelopTools\Code\VSCode\Project\zhihu\src\main\resources\templates\login.html", "HTML", 0, 0, 0, 34, 0, 0, 0, 0, 0, 3, 7, 44
"d:\DevelopTools\Code\VSCode\Project\zhihu\src\test\java\com\baidu\zhihu\ZhihuApplicationTests.java", "Java", 0, 0, 0, 0, 9, 0, 0, 0, 0, 0, 5, 14
"Total", "-", 63, 0, 5, 119, 394, 237, 9, 199, 118, 81, 239, 1464