"filename", "language", "Markdown", "HTML", "CSS", "Sass", "JavaScript", "Java", "JSON", "comment", "blank", "total"
"d:\DevelopTools\Code\VSCode\Project\zhihu\README.md", "Markdown", 115, 0, 0, 0, 0, 0, 0, 0, 14, 129
"d:\DevelopTools\Code\VSCode\Project\zhihu\bin\.VSCodeCounter\2024-03-25_16-29-36\details.md", "Markdown", -41, 0, 0, 0, 0, 0, 0, 0, -6, -47
"d:\DevelopTools\Code\VSCode\Project\zhihu\bin\.VSCodeCounter\2024-03-25_16-29-36\diff-details.md", "Markdown", -9, 0, 0, 0, 0, 0, 0, 0, -6, -15
"d:\DevelopTools\Code\VSCode\Project\zhihu\bin\.VSCodeCounter\2024-03-25_16-29-36\diff.md", "Markdown", -12, 0, 0, 0, 0, 0, 0, 0, -7, -19
"d:\DevelopTools\Code\VSCode\Project\zhihu\bin\.VSCodeCounter\2024-03-25_16-29-36\results.json", "JSON", 0, 0, 0, 0, 0, 0, -1, 0, 0, -1
"d:\DevelopTools\Code\VSCode\Project\zhihu\bin\.VSCodeCounter\2024-03-25_16-29-36\results.md", "Markdown", -51, 0, 0, 0, 0, 0, 0, 0, -7, -58
"d:\DevelopTools\Code\VSCode\Project\zhihu\src\main\java\com\baidu\zhihu\control\HomePageControl.java", "Java", 0, 0, 0, 0, 0, 118, 0, 2, 15, 135
"d:\DevelopTools\Code\VSCode\Project\zhihu\src\main\java\com\baidu\zhihu\control\PageControl.java", "Java", 0, 0, 0, 0, 0, -112, 0, -2, -15, -129
"d:\DevelopTools\Code\VSCode\Project\zhihu\src\main\java\com\baidu\zhihu\control\UserControl.java", "Java", 0, 0, 0, 0, 0, 10, 0, 0, 0, 10
"d:\DevelopTools\Code\VSCode\Project\zhihu\src\main\java\com\baidu\zhihu\control\UserPageControl.java", "Java", 0, 0, 0, 0, 0, 59, 0, 0, 11, 70
"d:\DevelopTools\Code\VSCode\Project\zhihu\src\main\java\com\baidu\zhihu\service\HotSearchService.java", "Java", 0, 0, 0, 0, 0, 0, 0, 0, -1, -1
"d:\DevelopTools\Code\VSCode\Project\zhihu\src\main\resources\static\css\HeaderLogSuccess.css", "CSS", 0, 0, -203, 0, 0, 0, 0, 0, -26, -229
"d:\DevelopTools\Code\VSCode\Project\zhihu\src\main\resources\static\css\HeaderLogSuccess.sass", "Sass", 0, 0, 0, -156, 0, 0, 0, 0, -3, -159
"d:\DevelopTools\Code\VSCode\Project\zhihu\src\main\resources\static\css\Login.sass", "Sass", 0, 0, 0, 1, 0, 0, 0, 0, 0, 1
"d:\DevelopTools\Code\VSCode\Project\zhihu\src\main\resources\static\css\Posts.css", "CSS", 0, 0, 6, 0, 0, 0, 0, 0, 1, 7
"d:\DevelopTools\Code\VSCode\Project\zhihu\src\main\resources\static\css\Posts.sass", "Sass", 0, 0, 0, 5, 0, 0, 0, 0, -1, 4
"d:\DevelopTools\Code\VSCode\Project\zhihu\src\main\resources\static\css\UserPage.css", "CSS", 0, 0, 25, 0, 0, 0, 0, 0, 3, 28
"d:\DevelopTools\Code\VSCode\Project\zhihu\src\main\resources\static\css\UserPage.min.css", "CSS", 0, 0, 1, 0, 0, 0, 0, 0, 1, 2
"d:\DevelopTools\Code\VSCode\Project\zhihu\src\main\resources\static\css\UserPage.sass", "Sass", 0, 0, 0, 22, 0, 0, 0, 0, 0, 22
"d:\DevelopTools\Code\VSCode\Project\zhihu\src\main\resources\static\css\login.css", "CSS", 0, 0, 4, 0, 0, 0, 0, 0, 1, 5
"d:\DevelopTools\Code\VSCode\Project\zhihu\src\main\resources\static\js\Header.js", "JavaScript", 0, 0, 0, 0, 53, 0, 0, 8, 3, 64
"d:\DevelopTools\Code\VSCode\Project\zhihu\src\main\resources\static\js\HomePage.js", "JavaScript", 0, 0, 0, 0, 7, 0, 0, 1, 1, 9
"d:\DevelopTools\Code\VSCode\Project\zhihu\src\main\resources\static\js\Login.js", "JavaScript", 0, 0, 0, 0, 23, 0, 0, 0, 1, 24
"d:\DevelopTools\Code\VSCode\Project\zhihu\src\main\resources\static\js\Posts.js", "JavaScript", 0, 0, 0, 0, 3, 0, 0, 0, 0, 3
"d:\DevelopTools\Code\VSCode\Project\zhihu\src\main\resources\templates\HomePage.html", "HTML", 0, 1, 0, 0, 0, 0, 0, 0, -2, -1
"d:\DevelopTools\Code\VSCode\Project\zhihu\src\main\resources\templates\HomePage_LogSuccess.html", "HTML", 0, 2, 0, 0, 0, 0, 0, 0, -3, -1
"d:\DevelopTools\Code\VSCode\Project\zhihu\src\main\resources\templates\UserPage.html", "HTML", 0, 37, 0, 0, 0, 0, 0, 6, 9, 52
"d:\DevelopTools\Code\VSCode\Project\zhihu\src\main\resources\templates\UserPage_LogSuccess.html", "HTML", 0, 36, 0, 0, 0, 0, 0, 6, 9, 51
"d:\DevelopTools\Code\VSCode\Project\zhihu\src\main\resources\templates\bigUnit\Header.html", "HTML", 0, -48, 0, 0, 0, 0, 0, 0, -3, -51
"d:\DevelopTools\Code\VSCode\Project\zhihu\src\main\resources\templates\bigUnit\HeaderLogSuccess.html", "HTML", 0, -50, 0, 0, 0, 0, 0, 0, -3, -53
"d:\DevelopTools\Code\VSCode\Project\zhihu\src\main\resources\templates\bigUnit\Login.html", "HTML", 0, -22, 0, 0, 0, 0, 0, -1, -5, -28
"d:\DevelopTools\Code\VSCode\Project\zhihu\src\main\resources\templates\bigUnit\Posts.html", "HTML", 0, -98, 0, 0, 0, 0, 0, -1, 0, -99
"d:\DevelopTools\Code\VSCode\Project\zhihu\src\main\resources\templates\bigUnit\SideBox.html", "HTML", 0, -18, 0, 0, 0, 0, 0, 0, -3, -21
"d:\DevelopTools\Code\VSCode\Project\zhihu\src\main\resources\templates\homepage_unit\Posts.html", "HTML", 0, 99, 0, 0, 0, 0, 0, 1, 0, 100
"d:\DevelopTools\Code\VSCode\Project\zhihu\src\main\resources\templates\unit\Header.html", "HTML", 0, 48, 0, 0, 0, 0, 0, 0, 3, 51
"d:\DevelopTools\Code\VSCode\Project\zhihu\src\main\resources\templates\unit\HeaderLogSuccess.html", "HTML", 0, 51, 0, 0, 0, 0, 0, 0, 3, 54
"d:\DevelopTools\Code\VSCode\Project\zhihu\src\main\resources\templates\unit\Login.html", "HTML", 0, 19, 0, 0, 0, 0, 0, 1, 3, 23
"d:\DevelopTools\Code\VSCode\Project\zhihu\src\main\resources\templates\unit\SideBox.html", "HTML", 0, 18, 0, 0, 0, 0, 0, 0, 3, 21
"d:\DevelopTools\Code\VSCode\Project\zhihu\src\main\resources\templates\userpage_unit\NotFind.html", "HTML", 0, 7, 0, 0, 0, 0, 0, 0, 2, 9
"Total", "-", 2, 82, -167, -128, 86, 75, -1, 21, -8, -38